{
  "status": "ok",
  "result": {
    "bottleneck": "flight_tracker_website",
    "max_lambda": 0.18000000000000002,
    "mu_values": {
      "flight_tracker_website": 0.1820587756164001,
      "fastapi_api": 0.4621290854465777,
      "pg_database": 0.3558121389370224
    },
    "baseline": {
      "lambdas": {
        "flight_tracker_website": 0.13079752072307824,
        "fastapi_api": 0.13079752072307824,
        "pg_database": 0.13079752072307824
      },
      "utilizations": {
        "flight_tracker_website": 0.718435682543917,
        "fastapi_api": 0.28303243583269005,
        "pg_database": 0.36760274990569947
      },
      "bottleneck": "flight_tracker_website"
    },
    "what_if": {
      "scenario": "Increase lambda_main by 20%",
      "lambdas": {
        "flight_tracker_website": 0.1569570248676939,
        "fastapi_api": 0.1569570248676939,
        "pg_database": 0.1569570248676939
      },
      "utilizations": {
        "flight_tracker_website": 0.8621228190527004,
        "fastapi_api": 0.33963892299922804,
        "pg_database": 0.44112329988683935
      },
      "bottleneck": "flight_tracker_website"
    }
  }
}