{
  "status": "ok",
  "result": {
    "bottleneck": "frontend",
    "max_lambda": 0.18000000000000002,
    "mu_values": {
      "frontend": 0.18205877561639985,
      "database": 0.4621290854465776,
      "backend": 0.3558121389370224
    },
    "baseline": {
      "lambdas": {
        "frontend": 0.13079752072307824,
        "database": 0.13079752072307824,
        "backend": 0.13079752072307824
      },
      "utilizations": {
        "frontend": 0.718435682543918,
        "database": 0.2830324358326901,
        "backend": 0.36760274990569947
      },
      "bottleneck": "frontend"
    },
    "what_if": {
      "scenario": "Increase lambda_main by 20%",
      "lambdas": {
        "frontend": 0.1569570248676939,
        "database": 0.1569570248676939,
        "backend": 0.1569570248676939
      },
      "utilizations": {
        "frontend": 0.8621228190527016,
        "database": 0.33963892299922815,
        "backend": 0.44112329988683935
      },
      "bottleneck": "frontend"
    }
  }
}