{
  "status": "ok",
  "result": {
    "bottleneck": "react-frontend",
    "max_lambda": 0.18000000000000002,
    "mu_values": {
      "react-frontend": 0.1820587756163998,
      "postgres-database": 0.4621290854465773,
      "api-backend": 0.3558121389370224
    },
    "baseline": {
      "lambdas": {
        "react-frontend": 0.13079752072307824,
        "postgres-database": 0.13079752072307824,
        "api-backend": 0.13079752072307824
      },
      "utilizations": {
        "react-frontend": 0.7184356825439182,
        "postgres-database": 0.2830324358326903,
        "api-backend": 0.36760274990569947
      },
      "bottleneck": "react-frontend"
    },
    "what_if": {
      "scenario": "Increase lambda_main by 20%",
      "lambdas": {
        "react-frontend": 0.1569570248676939,
        "postgres-database": 0.1569570248676939,
        "api-backend": 0.1569570248676939
      },
      "utilizations": {
        "react-frontend": 0.8621228190527018,
        "postgres-database": 0.3396389229992283,
        "api-backend": 0.44112329988683935
      },
      "bottleneck": "react-frontend"
    }
  }
}